yyyymm,province,tourist_cnt,mainstream_flag,festival_flag,new_accom_cnt,season,price_index,covid_flag
2019-01,서울특별시,50994190,Y,N,1,겨울,98.76,N
2019-02,서울특별시,4.57E+07,Y,N,7,겨울,99.26,N
2019-03,서울특별시,62763858,Y,N,3,봄,99.06,N
2019-04,서울특별시,4.56E+07,Y,N,3,봄,99.44,N
2019-05,서울특별시,53726633,Y,N,2,봄,99.49,N
2019-06,서울특별시,53296062,Y,N,3,여름,99.36,N
2019-07,서울특별시,60404003,Y,N,6,여름,99.11,N
2019-08,서울특별시,65240078,Y,N,7,여름,99.39,N
2019-09,서울특별시,59906097,Y,Y,3,가을,99.73,N
2019-10,서울특별시,59164404,Y,Y,5,가을,99.95,N
2019-11,서울특별시,62997145,Y,N,6,가을,99.42,N
2019-12,서울특별시,56119332,Y,N,8,겨울,99.61,N
2020-01,서울특별시,50239904,Y,N,3,겨울,99.8,Y
2020-02,서울특별시,40030567,Y,N,2,겨울,99.84,Y
2020-03,서울특별시,35899972,Y,N,5,봄,99.83,Y
2020-04,서울특별시,37499010,Y,N,2,봄,99.61,Y
2020-05,서울특별시,42769285,Y,N,3,봄,99.65,Y
2020-06,서울특별시,39800297,Y,N,3,여름,99.91,Y
2020-07,서울특별시,4.48E+07,Y,N,2,여름,99.74,Y
2020-08,서울특별시,38581176,Y,N,3,여름,100.27,Y
2020-09,서울특별시,3.66E+07,Y,N,2,가을,100.7,Y
2020-10,서울특별시,43991393,Y,N,6,가을,100.23,Y
2020-11,서울특별시,40739841,Y,N,1,가을,100.14,Y
2020-12,서울특별시,33056043,Y,N,0,겨울,100.27,Y
2021-01,서울특별시,35493392,Y,N,4,겨울,100.86,Y
2021-02,서울특별시,37550166,Y,N,2,겨울,101.33,Y
2021-03,서울특별시,46732396,Y,N,1,봄,101.57,Y
2021-04,서울특별시,38066818,Y,N,6,봄,101.68,Y
2021-05,서울특별시,41274414,Y,N,2,봄,101.74,Y
2021-06,서울특별시,40601161,Y,N,3,여름,101.68,Y
2021-07,서울특별시,37246759,Y,N,5,여름,101.88,Y
2021-08,서울특별시,37481500,Y,N,3,여름,102.33,Y
2021-09,서울특별시,41042072,Y,N,1,가을,102.67,Y
2021-10,서울특별시,43598451,Y,N,4,가을,102.9,Y
2021-11,서울특별시,44880585,Y,N,5,가을,103.2,Y
2021-12,서울특별시,4.25E+07,Y,N,6,겨울,103.32,Y
2022-01,서울특별시,4.27E+07,Y,N,2,겨울,104.09,N
2022-02,서울특별시,3.64E+07,Y,N,2,겨울,104.7,N
2022-03,서울특별시,45446557,Y,N,3,봄,105.09,N
2022-04,서울특별시,47435952,Y,N,1,봄,105.73,N
2022-05,서울특별시,49069657,Y,N,2,봄,106.29,N
2022-06,서울특별시,45254348,Y,N,1,여름,106.85,N
2022-07,서울특별시,48783358,Y,N,1,여름,107.47,N
2022-08,서울특별시,46744345,Y,N,3,여름,107.65,N
2022-09,서울특별시,49976132,Y,N,5,가을,107.78,N
2022-10,서울특별시,50420601,Y,Y,3,가을,108.12,N
2022-11,서울특별시,47288325,Y,N,7,가을,108,N
2022-12,서울특별시,48363749,Y,N,2,겨울,108.46,N
2023-01,서울특별시,47255715,Y,N,0,겨울,109.22,N
2023-02,서울특별시,47090566,Y,N,5,겨울,109.6,N
2023-03,서울특별시,54980858,Y,N,9,봄,109.77,N
2023-04,서울특별시,45025766,Y,N,2,봄,109.94,N
2023-05,서울특별시,4.95E+07,Y,N,0,봄,110.37,N
2023-06,서울특별시,47768488,Y,N,2,여름,110.5,N
2023-07,서울특별시,5.03E+07,Y,N,4,여름,110.63,N
2023-08,서울특별시,49277341,Y,N,3,여름,111.69,N
2023-09,서울특별시,51928426,Y,Y,7,가을,112.08,N
2023-10,서울특별시,51118154,Y,Y,3,가을,112.51,N
2023-11,서울특별시,49451765,Y,N,10,가을,111.98,N
2023-12,서울특별시,52547645,Y,N,2,겨울,112.25,N
2024-01,서울특별시,50617219,Y,N,6,겨울,112.6,N
2024-02,서울특별시,47839317,Y,N,1,겨울,113.07,N
2024-03,서울특별시,59671515,Y,N,3,봄,113.02,N
2024-04,서울특별시,46484119,Y,N,4,봄,113.37,N
2024-05,서울특별시,50673117,Y,N,11,봄,113.42,N
2024-06,서울특별시,48614363,Y,N,7,여름,113.17,N
2024-07,서울특별시,50743419,Y,N,4,여름,113.46,N
2024-08,서울특별시,50335857,Y,N,6,여름,113.94,N
2019-01,부산광역시,11955728,N,N,7,겨울,99.44,N
2019-02,부산광역시,1.32E+07,N,N,2,겨울,99.8,N
2019-03,부산광역시,14482347,N,N,5,봄,99.62,N
2019-04,부산광역시,1.08E+07,N,Y,7,봄,99.91,N
2019-05,부산광역시,13441242,N,N,5,봄,99.89,N
2019-06,부산광역시,11490169,N,N,4,여름,99.82,N
2019-07,부산광역시,13642521,N,N,5,여름,99.57,N
2019-08,부산광역시,13941245,N,N,6,여름,99.69,N
2019-09,부산광역시,13812881,N,N,2,가을,100.27,N
2019-10,부산광역시,12208702,N,Y,8,가을,100.21,N
2019-11,부산광역시,12252252,N,N,5,가을,99.75,N
2019-12,부산광역시,13689532,N,N,5,겨울,99.92,N
2020-01,부산광역시,13527788,N,N,2,겨울,100.06,Y
2020-02,부산광역시,9489814,N,N,3,겨울,100.18,Y
2020-03,부산광역시,8359630,N,N,1,봄,99.91,Y
2020-04,부산광역시,9039585,N,N,9,봄,99.55,Y
2020-05,부산광역시,11109287,N,N,6,봄,99.53,Y
2020-06,부산광역시,10107359,N,N,6,여름,99.69,Y
2020-07,부산광역시,1.10E+07,N,N,9,여름,99.57,Y
2020-08,부산광역시,11668752,N,N,3,여름,100.15,Y
2020-09,부산광역시,9.86E+06,N,N,7,가을,100.79,Y
2020-10,부산광역시,11233979,N,N,5,가을,100.22,Y
2020-11,부산광역시,10416573,N,N,0,가을,100.06,Y
2020-12,부산광역시,8985170,N,N,3,겨울,100.28,Y
2021-01,부산광역시,8754684,N,N,5,겨울,101.17,Y
2021-02,부산광역시,10120469,N,N,2,겨울,101.79,Y
2021-03,부산광역시,11722244,N,N,3,봄,101.91,Y
2021-04,부산광역시,9105237,N,N,4,봄,102,Y
2021-05,부산광역시,10621929,N,N,3,봄,102.03,Y
2021-06,부산광역시,9899978,N,N,2,여름,101.95,Y
2021-07,부산광역시,10363023,N,N,3,여름,102.19,Y
2021-08,부산광역시,9722154,N,N,3,여름,102.61,Y
2021-09,부산광역시,11107287,N,N,7,가을,103.17,Y
2021-10,부산광역시,10961814,N,N,5,가을,103.22,Y
2021-11,부산광역시,10503332,N,N,5,가을,103.63,Y
2021-12,부산광역시,1.09E+07,N,N,2,겨울,103.87,Y
2022-01,부산광역시,11378475,N,N,3,겨울,104.72,N
2022-02,부산광역시,9.89E+06,N,N,6,겨울,105.23,N
2022-03,부산광역시,11373916,N,N,11,봄,105.85,N
2022-04,부산광역시,10080243,N,N,7,봄,106.44,N
2022-05,부산광역시,11858545,N,N,7,봄,107.05,N
2022-06,부산광역시,11194861,N,N,6,여름,107.78,N
2022-07,부산광역시,12495011,N,N,7,여름,108.19,N
2022-08,부산광역시,12640963,N,N,2,여름,108.22,N
2022-09,부산광역시,12299783,N,N,6,가을,108.38,N
2022-10,부산광역시,12044356,N,Y,6,가을,108.79,N
2022-11,부산광역시,10924230,N,N,2,가을,108.72,N
2022-12,부산광역시,12043821,N,N,8,겨울,108.83,N
2023-01,부산광역시,13180063,N,N,6,겨울,109.83,N
2023-02,부산광역시,11238506,N,N,7,겨울,110,N
2023-03,부산광역시,13159913,N,N,11,봄,110.24,N
2023-04,부산광역시,11489345,N,N,8,봄,110.41,N
2023-05,부산광역시,1.25E+07,N,Y,6,봄,110.84,N
2023-06,부산광역시,11702524,N,N,7,여름,110.9,N
2023-07,부산광역시,1.28E+07,N,N,6,여름,111.1,N
2023-08,부산광역시,13322368,N,N,6,여름,111.89,N
2023-09,부산광역시,13666837,N,N,13,가을,112.44,N
2023-10,부산광역시,12641711,N,Y,6,가을,113.12,N
2023-11,부산광역시,11626722,N,N,5,가을,112.57,N
2023-12,부산광역시,12946351,N,N,6,겨울,112.67,N
2024-01,부산광역시,12422474,N,N,6,겨울,113.11,N
2024-02,부산광역시,13291638,N,N,7,겨울,113.84,N
2024-03,부산광역시,13919550,N,N,3,봄,113.98,N
2024-04,부산광역시,11225627,N,N,4,봄,113.92,N
2024-05,부산광역시,12985986,N,Y,10,봄,113.87,N
2024-06,부산광역시,12181858,N,N,9,여름,113.71,N
2024-07,부산광역시,12954147,N,N,13,여름,113.97,N
2024-08,부산광역시,13901021,N,N,11,여름,114.39,N
2019-01,대전광역시,6654717,N,N,1,겨울,99.28,N
2019-02,대전광역시,6.83E+06,N,N,0,겨울,99.66,N
2019-03,대전광역시,8558846,N,N,0,봄,99.33,N
2019-04,대전광역시,6.08E+06,N,N,0,봄,99.67,N
2019-05,대전광역시,6651153,N,N,1,봄,99.88,N
2019-06,대전광역시,6183886,N,N,0,여름,99.66,N
2019-07,대전광역시,7162143,N,N,1,여름,99.32,N
2019-08,대전광역시,7012996,N,N,0,여름,99.53,N
2019-09,대전광역시,7765146,N,Y,1,가을,99.8,N
2019-10,대전광역시,6880714,N,Y,2,가을,100.06,N
2019-11,대전광역시,6803329,N,N,1,가을,99.5,N
2019-12,대전광역시,7004291,N,N,2,겨울,99.78,N
2020-01,대전광역시,7112449,N,N,0,겨울,100.14,Y
2020-02,대전광역시,5395433,N,N,1,겨울,100.2,Y
2020-03,대전광역시,5142514,N,N,1,봄,99.91,Y
2020-04,대전광역시,5240392,N,N,0,봄,99.49,Y
2020-05,대전광역시,6500462,N,N,0,봄,99.54,Y
2020-06,대전광역시,5571990,N,N,1,여름,99.86,Y
2020-07,대전광역시,5.47E+06,N,N,0,여름,99.74,Y
2020-08,대전광역시,5842841,N,N,0,여름,100.26,Y
2020-09,대전광역시,5.62E+06,N,N,1,가을,100.53,Y
2020-10,대전광역시,6319641,N,N,1,가을,99.95,Y
2020-11,대전광역시,5975257,N,N,0,가을,100,Y
2020-12,대전광역시,5310912,N,N,0,겨울,100.38,Y
2021-01,대전광역시,5105922,N,N,0,겨울,101.05,Y
2021-02,대전광역시,5421720,N,N,1,겨울,101.53,Y
2021-03,대전광역시,6789806,N,N,0,봄,101.9,Y
2021-04,대전광역시,5156771,N,N,1,봄,102.09,Y
2021-05,대전광역시,6003007,N,N,0,봄,102.13,Y
2021-06,대전광역시,5500380,N,N,0,여름,102.19,Y
2021-07,대전광역시,5570568,N,N,2,여름,102.4,Y
2021-08,대전광역시,5251528,N,N,1,여름,102.7,Y
2021-09,대전광역시,6337399,N,N,1,가을,103.08,Y
2021-10,대전광역시,6141992,N,N,0,가을,103.23,Y
2021-11,대전광역시,5945922,N,N,2,가을,103.71,Y
2021-12,대전광역시,5.92E+06,N,N,0,겨울,103.97,Y
2022-01,대전광역시,6150784,N,N,0,겨울,104.65,N
2022-02,대전광역시,5.13E+06,N,N,0,겨울,105.29,N
2022-03,대전광역시,6587727,N,N,0,봄,106.04,N
2022-04,대전광역시,5672837,N,N,1,봄,106.64,N
2022-05,대전광역시,6582796,N,N,0,봄,107.3,N
2022-06,대전광역시,6088306,N,N,0,여름,108.09,N
2022-07,대전광역시,6580990,N,N,0,여름,108.48,N
2022-08,대전광역시,6369389,N,N,0,여름,108.42,N
2022-09,대전광역시,7258945,N,N,0,가을,108.53,N
2022-10,대전광역시,6658454,N,Y,0,가을,108.94,N
2022-11,대전광역시,6181958,N,N,1,가을,108.79,N
2022-12,대전광역시,6410623,N,N,0,겨울,109.03,N
2023-01,대전광역시,6841038,N,N,0,겨울,109.85,N
2023-02,대전광역시,6172665,N,N,0,겨울,110.06,N
2023-03,대전광역시,7729134,N,N,1,봄,110.14,N
2023-04,대전광역시,6241925,N,N,1,봄,110.39,N
2023-05,대전광역시,6.64E+06,N,N,0,봄,110.8,N
2023-06,대전광역시,6618384,N,N,1,여름,110.84,N
2023-07,대전광역시,6.74E+06,N,N,0,여름,111.12,N
2023-08,대전광역시,6924946,N,N,1,여름,111.92,N
2023-09,대전광역시,7465165,N,N,3,가을,112.43,N
2023-10,대전광역시,7183422,N,Y,0,가을,112.86,N
2023-11,대전광역시,6506449,N,N,1,가을,112.15,N
2023-12,대전광역시,7117910,N,N,1,겨울,112.34,N
2024-01,대전광역시,6611612,N,N,0,겨울,112.91,N
2024-02,대전광역시,7131562,N,N,0,겨울,113.4,N
2024-03,대전광역시,8255287,N,N,0,봄,113.67,N
2024-04,대전광역시,6466876,N,N,0,봄,113.84,N
2024-05,대전광역시,7188457,N,N,0,봄,113.7,N
2024-06,대전광역시,6752738,N,N,2,여름,113.54,N
2024-07,대전광역시,6943466,N,N,2,여름,113.82,N
2024-08,대전광역시,7204973,N,N,0,여름,114.09,N
2019-01,광주광역시,5161078,N,N,2,겨울,98.99,N
2019-02,광주광역시,5.55E+06,N,N,0,겨울,99.33,N
2019-03,광주광역시,6283230,N,N,1,봄,99.13,N
2019-04,광주광역시,4.70E+06,N,N,0,봄,99.52,N
2019-05,광주광역시,5194915,N,N,0,봄,99.83,N
2019-06,광주광역시,4855048,N,N,0,여름,99.57,N
2019-07,광주광역시,5836324,N,N,1,여름,99.24,N
2019-08,광주광역시,5701229,N,N,0,여름,99.46,N
2019-09,광주광역시,6082856,N,N,0,가을,99.89,N
2019-10,광주광역시,5420000,N,Y,1,가을,100.21,N
2019-11,광주광역시,5412348,N,N,1,가을,99.74,N
2019-12,광주광역시,5787430,N,N,4,겨울,99.86,N
2020-01,광주광역시,5754952,N,N,0,겨울,100.22,Y
2020-02,광주광역시,4154892,N,N,1,겨울,100.35,Y
2020-03,광주광역시,4256087,N,N,1,봄,99.97,Y
2020-04,광주광역시,4211539,N,N,2,봄,99.6,Y
2020-05,광주광역시,5210340,N,N,3,봄,99.63,Y
2020-06,광주광역시,4769878,N,N,0,여름,99.67,Y
2020-07,광주광역시,4793511,N,N,4,여름,99.55,Y
2020-08,광주광역시,4693075,N,N,0,여름,100.09,Y
2020-09,광주광역시,4.25E+06,N,N,0,가을,100.63,Y
2020-10,광주광역시,5201648,N,N,0,가을,100.03,Y
2020-11,광주광역시,5110017,N,N,1,가을,99.93,Y
2020-12,광주광역시,4218512,N,N,1,겨울,100.34,Y
2021-01,광주광역시,4092832,N,N,0,겨울,101.13,Y
2021-02,광주광역시,4256510,N,N,1,겨울,101.53,Y
2021-03,광주광역시,5222376,N,N,0,봄,101.92,Y
2021-04,광주광역시,4300410,N,N,0,봄,102.13,Y
2021-05,광주광역시,4653659,N,N,1,봄,102.24,Y
2021-06,광주광역시,4281950,N,N,1,여름,102.19,Y
2021-07,광주광역시,4758031,N,N,1,여름,102.36,Y
2021-08,광주광역시,4576462,N,N,0,여름,102.82,Y
2021-09,광주광역시,5177152,N,N,2,가을,103.15,Y
2021-10,광주광역시,5271993,N,N,1,가을,103.27,Y
2021-11,광주광역시,4921992,N,N,0,가을,103.95,Y
2021-12,광주광역시,4736410,N,N,1,겨울,104.1,Y
2022-01,광주광역시,5040047,N,N,1,겨울,104.83,N
2022-02,광주광역시,4.10E+06,N,N,2,겨울,105.24,N
2022-03,광주광역시,5016355,N,N,0,봄,106.11,N
2022-04,광주광역시,4426125,N,N,0,봄,106.9,N
2022-05,광주광역시,4792723,N,N,1,봄,107.86,N
2022-06,광주광역시,5415849,N,N,0,여름,108.54,N
2022-07,광주광역시,8825861,N,N,0,여름,109.01,N
2022-08,광주광역시,5104294,N,N,0,여름,108.77,N
2022-09,광주광역시,5728119,N,N,0,가을,108.8,N
2022-10,광주광역시,5211581,N,Y,0,가을,109.16,N
2022-11,광주광역시,4939333,N,N,1,가을,109.1,N
2022-12,광주광역시,5047066,N,N,0,겨울,109.1,N
2023-01,광주광역시,5701387,N,N,1,겨울,110.07,N
2023-02,광주광역시,4755751,N,N,0,겨울,110.34,N
2023-03,광주광역시,6141014,N,N,0,봄,110.82,N
2023-04,광주광역시,4892411,N,N,1,봄,110.95,N
2023-05,광주광역시,5587730,N,N,0,봄,111.24,N
2023-06,광주광역시,5265019,N,N,0,여름,111.4,N
2023-07,광주광역시,5.65E+06,N,N,0,여름,111.51,N
2023-08,광주광역시,5552196,N,N,0,여름,112.48,N
2023-09,광주광역시,6077886,N,N,0,가을,112.98,N
2023-10,광주광역시,5873595,N,Y,0,가을,113.47,N
2023-11,광주광역시,5126377,N,Y,0,가을,112.95,N
2023-12,광주광역시,5764171,N,N,0,겨울,112.92,N
2024-01,광주광역시,5335803,N,N,0,겨울,113.47,N
2024-02,광주광역시,5874024,N,N,0,겨울,114.11,N
2024-03,광주광역시,6398999,N,N,1,봄,114.37,N
2024-04,광주광역시,5042089,N,N,0,봄,114.62,N
2024-05,광주광역시,5713397,N,N,0,봄,114.79,N
2024-06,광주광역시,5063230,N,N,1,여름,114.38,N
2024-07,광주광역시,5436478,N,N,1,여름,114.61,N
2024-08,광주광역시,5478316,N,N,0,여름,114.95,N
2019-01,경상북도,12120996,Y,N,5,겨울,99.23,N
2019-02,경상북도,1.49E+07,Y,N,2,겨울,99.64,N
2019-03,경상북도,15901783,Y,Y,4,봄,99.56,N
2019-04,경상북도,1.29E+07,Y,Y,8,봄,99.97,N
2019-05,경상북도,14386272,Y,Y,3,봄,100.14,N
2019-06,경상북도,12950943,Y,Y,7,여름,99.99,N
2019-07,경상북도,14982699,Y,Y,4,여름,99.63,N
2019-08,경상북도,17133798,Y,N,11,여름,99.79,N
2019-09,경상북도,17106476,Y,N,2,가을,100.11,N
2019-10,경상북도,14562361,Y,Y,3,가을,100.4,N
2019-11,경상북도,13901752,Y,Y,2,가을,99.86,N
2019-12,경상북도,12824074,Y,N,4,겨울,100.16,N
2020-01,경상북도,15194568,Y,N,6,겨울,100.36,Y
2020-02,경상북도,9808884,Y,N,3,겨울,100.51,Y
2020-03,경상북도,8920672,Y,N,5,봄,100.2,Y
2020-04,경상북도,10713407,Y,N,2,봄,99.51,Y
2020-05,경상북도,13771179,Y,N,5,봄,99.29,Y
2020-06,경상북도,12292899,Y,N,4,여름,99.63,Y
2020-07,경상북도,1.34E+07,Y,N,10,여름,99.52,Y
2020-08,경상북도,16286413,Y,N,4,여름,100.11,Y
2020-09,경상북도,1.29E+07,Y,N,9,가을,100.7,Y
2020-10,경상북도,15706599,Y,N,1,가을,100.03,Y
2020-11,경상북도,12820704,Y,N,5,가을,99.94,Y
2020-12,경상북도,10795630,Y,N,12,겨울,100.2,Y
2021-01,경상북도,10047090,Y,N,7,겨울,101.05,Y
2021-02,경상북도,12329069,Y,N,4,겨울,101.69,Y
2021-03,경상북도,13526461,Y,N,5,봄,101.92,Y
2021-04,경상북도,12380810,Y,N,7,봄,102.01,Y
2021-05,경상북도,14157956,Y,N,4,봄,102.14,Y
2021-06,경상북도,12876147,Y,N,10,여름,102.25,Y
2021-07,경상북도,14081303,Y,N,5,여름,102.49,Y
2021-08,경상북도,14934069,Y,N,9,여름,103.01,Y
2021-09,경상북도,16082232,Y,N,6,가을,103.52,Y
2021-10,경상북도,15097934,Y,N,5,가을,103.75,Y
2021-11,경상북도,13640523,Y,N,4,가을,104.38,Y
2021-12,경상북도,1.21E+07,Y,N,4,겨울,104.65,Y
2022-01,경상북도,13557043,Y,N,5,겨울,105.42,N
2022-02,경상북도,1.16E+07,Y,N,6,겨울,105.98,N
2022-03,경상북도,13036123,Y,N,5,봄,106.99,N
2022-04,경상북도,13211212,Y,N,6,봄,107.92,N
2022-05,경상북도,14771221,Y,Y,6,봄,108.62,N
2022-06,경상북도,14421546,Y,N,5,여름,109.56,N
2022-07,경상북도,19067409,Y,Y,6,여름,110.1,N
2022-08,경상북도,17098470,Y,N,5,여름,109.7,N
2022-09,경상북도,16983253,Y,N,4,가을,109.91,N
2022-10,경상북도,16670551,Y,Y,3,가을,110.28,N
2022-11,경상북도,14029348,Y,Y,4,가을,110.24,N
2022-12,경상북도,12957839,Y,N,5,겨울,110.16,N
2023-01,경상북도,15387200,Y,N,0,겨울,110.82,N
2023-02,경상북도,12773767,Y,Y,2,겨울,111.01,N
2023-03,경상북도,15824062,Y,N,2,봄,111.22,N
2023-04,경상북도,14332099,Y,Y,1,봄,111.63,N
2023-05,경상북도,1.59E+07,Y,Y,9,봄,111.99,N
2023-06,경상북도,14290417,Y,N,3,여름,111.88,N
2023-07,경상북도,1.49E+07,Y,N,7,여름,111.93,N
2023-08,경상북도,16164654,Y,N,2,여름,113.1,N
2023-09,경상북도,17604970,Y,N,4,가을,113.89,N
2023-10,경상북도,16404176,Y,Y,1,가을,114.21,N
2023-11,경상북도,13633492,Y,Y,7,가을,113.5,N
2023-12,경상북도,13354330,Y,N,7,겨울,113.5,N
2024-01,경상북도,12551354,Y,N,4,겨울,113.8,N
2024-02,경상북도,15169802,Y,Y,5,겨울,114.49,N
2024-03,경상북도,16039355,Y,N,6,봄,114.83,N
2024-04,경상북도,14074298,Y,Y,4,봄,114.83,N
2024-05,경상북도,15317982,Y,Y,6,봄,114.99,N
2024-06,경상북도,14658541,Y,N,6,여름,114.56,N
2024-07,경상북도,14615903,Y,N,6,여름,114.76,N
2024-08,경상북도,16422416,Y,N,4,여름,115.18,N
2019-01,경상남도,11209890,N,N,1,겨울,99.06,N
2019-02,경상남도,12862458,N,N,5,겨울,99.43,N
2019-03,경상남도,14095070,N,N,6,봄,99.12,N
2019-04,경상남도,1.16E+07,N,N,3,봄,99.47,N
2019-05,경상남도,13174620,N,Y,1,봄,99.6,N
2019-06,경상남도,11320896,N,N,5,여름,99.43,N
2019-07,경상남도,13626386,N,Y,7,여름,99.1,N
2019-08,경상남도,14875374,N,Y,4,여름,99.14,N
2019-09,경상남도,13582717,N,N,4,가을,99.62,N
2019-10,경상남도,12677095,N,Y,2,가을,99.83,N
2019-11,경상남도,12074972,N,N,6,가을,99.26,N
2019-12,경상남도,12254548,N,N,2,겨울,99.55,N
2020-01,경상남도,13634457,N,N,4,겨울,100.2,Y
2020-02,경상남도,9713695,N,N,6,겨울,100.28,Y
2020-03,경상남도,9920639,N,N,1,봄,99.96,Y
2020-04,경상남도,9993834,N,N,1,봄,99.46,Y
2020-05,경상남도,12654080,N,N,4,봄,99.33,Y
2020-06,경상남도,11037983,N,N,6,여름,99.56,Y
2020-07,경상남도,1.18E+07,N,N,7,여름,99.56,Y
2020-08,경상남도,14154601,N,N,3,여름,100.15,Y
2020-09,경상남도,1.11E+07,N,N,7,가을,100.77,Y
2020-10,경상남도,13637947,N,N,2,가을,100.24,Y
2020-11,경상남도,11205263,N,N,4,가을,100.11,Y
2020-12,경상남도,10358769,N,N,5,겨울,100.37,Y
2021-01,경상남도,9653531,N,N,4,겨울,101.18,Y
2021-02,경상남도,10979042,N,N,6,겨울,101.63,Y
2021-03,경상남도,12051066,N,N,5,봄,101.85,Y
2021-04,경상남도,10738109,N,N,4,봄,102.07,Y
2021-05,경상남도,12273366,N,N,4,봄,102.14,Y
2021-06,경상남도,11068560,N,N,2,여름,102.08,Y
2021-07,경상남도,12221719,N,N,2,여름,102.26,Y
2021-08,경상남도,12502858,N,N,5,여름,102.74,Y
2021-09,경상남도,13206650,N,N,10,가을,103.14,Y
2021-10,경상남도,12806415,N,N,1,가을,103.27,Y
2021-11,경상남도,11611441,N,N,7,가을,103.9,Y
2021-12,경상남도,1.12E+07,N,N,8,겨울,104.15,Y
2022-01,경상남도,12253380,N,N,6,겨울,105.21,N
2022-02,경상남도,1.03E+07,N,N,3,겨울,105.76,N
2022-03,경상남도,11540999,N,N,5,봄,106.49,N
2022-04,경상남도,11738246,N,N,6,봄,107.21,N
2022-05,경상남도,13202213,N,Y,8,봄,107.85,N
2022-06,경상남도,11873464,N,N,6,여름,108.58,N
2022-07,경상남도,13934456,N,N,8,여름,109.04,N
2022-08,경상남도,14262148,N,Y,1,여름,108.78,N
2022-09,경상남도,13591685,N,Y,5,가을,108.96,N
2022-10,경상남도,14027482,N,Y,4,가을,109.31,N
2022-11,경상남도,11917886,N,N,5,가을,109.23,N
2022-12,경상남도,11502505,N,N,2,겨울,109.38,N
2023-01,경상남도,13464356,N,N,1,겨울,110.13,N
2023-02,경상남도,10727371,N,N,3,겨울,110.5,N
2023-03,경상남도,13761143,N,N,2,봄,110.52,N
2023-04,경상남도,12455849,N,N,4,봄,110.75,N
2023-05,경상남도,13514706,N,Y,2,봄,111.2,N
2023-06,경상남도,12311515,N,N,2,여름,111.34,N
2023-07,경상남도,13275772,N,N,4,여름,111.45,N
2023-08,경상남도,14035717,N,Y,3,여름,112.41,N
2023-09,경상남도,14560772,N,N,0,가을,113.22,N
2023-10,경상남도,14198291,N,Y,2,가을,113.66,N
2023-11,경상남도,11913301,N,N,2,가을,112.98,N
2023-12,경상남도,12024794,N,N,3,겨울,112.94,N
2024-01,경상남도,11947716,N,N,1,겨울,113.32,N
2024-02,경상남도,13432639,N,N,2,겨울,114.1,N
2024-03,경상남도,14131729,N,N,7,봄,114.19,N
2024-04,경상남도,12419745,N,N,8,봄,113.94,N
2024-05,경상남도,13816104,N,Y,6,봄,114.07,N
2024-06,경상남도,12489684,N,N,8,여름,113.86,N
2024-07,경상남도,13124167,N,N,5,여름,114.04,N
2024-08,경상남도,14650815,N,Y,8,여름,114.51,N
2019-01,경기도,46581814,Y,N,5,겨울,98.69,N
2019-02,경기도,43755994,Y,N,3,겨울,99.19,N
2019-03,경기도,61439673,Y,N,18,봄,99.04,N
2019-04,경기도,45141491,Y,N,13,봄,99.36,N
2019-05,경기도,53300449,Y,Y,13,봄,99.67,N
2019-06,경기도,54278543,Y,Y,11,여름,99.5,N
2019-07,경기도,60857159,Y,N,22,여름,99.19,N
2019-08,경기도,69152260,Y,Y,6,여름,99.43,N
2019-09,경기도,61290392,Y,Y,10,가을,99.61,N
2019-10,경기도,58901662,Y,Y,10,가을,99.96,N
2019-11,경기도,59371861,Y,N,11,가을,99.42,N
2019-12,경기도,50321787,Y,N,8,겨울,99.67,N
2020-01,경기도,49804345,Y,N,13,겨울,100.08,Y
2020-02,경기도,40060351,Y,N,5,겨울,100.14,Y
2020-03,경기도,43037291,Y,N,3,봄,99.88,Y
2020-04,경기도,43532735,Y,N,6,봄,99.46,Y
2020-05,경기도,49378029,Y,N,10,봄,99.42,Y
2020-06,경기도,45604655,Y,N,13,여름,99.75,Y
2020-07,경기도,5.13E+07,Y,N,15,여름,99.64,Y
2020-08,경기도,45583174,Y,N,12,여름,100.21,Y
2020-09,경기도,4.53E+07,Y,N,16,가을,100.73,Y
2020-10,경기도,51355589,Y,N,10,가을,100.15,Y
2020-11,경기도,44356651,Y,N,8,가을,100.12,Y
2020-12,경기도,40007384,Y,N,12,겨울,100.4,Y
2021-01,경기도,38982073,Y,N,8,겨울,101.05,Y
2021-02,경기도,41839993,Y,N,12,겨울,101.66,Y
2021-03,경기도,50953582,Y,N,12,봄,101.87,Y
2021-04,경기도,44144831,Y,N,23,봄,102.01,Y
2021-05,경기도,48295765,Y,N,28,봄,102.1,Y
2021-06,경기도,45013733,Y,N,17,여름,102.17,Y
2021-07,경기도,45110543,Y,N,20,여름,102.33,Y
2021-08,경기도,45137792,Y,N,12,여름,102.85,Y
2021-09,경기도,49065631,Y,N,17,가을,103.21,Y
2021-10,경기도,50113842,Y,N,12,가을,103.43,Y
2021-11,경기도,46720901,Y,N,36,가을,103.97,Y
2021-12,경기도,4.58E+07,Y,N,13,겨울,104.16,Y
2022-01,경기도,46111285,Y,N,9,겨울,104.88,N
2022-02,경기도,3.92E+07,Y,N,14,겨울,105.41,N
2022-03,경기도,48927872,Y,N,16,봄,106.14,N
2022-04,경기도,52338903,Y,N,14,봄,106.86,N
2022-05,경기도,53189870,Y,N,17,봄,107.55,N
2022-06,경기도,48930588,Y,N,16,여름,108.2,N
2022-07,경기도,53715155,Y,N,8,여름,108.73,N
2022-08,경기도,52204978,Y,N,13,여름,108.58,N
2022-09,경기도,54995529,Y,Y,17,가을,108.78,N
2022-10,경기도,55577178,Y,Y,12,가을,109.13,N
2022-11,경기도,50075199,Y,N,13,가을,109.12,N
2022-12,경기도,47970266,Y,N,8,겨울,109.26,N
2023-01,경기도,48926130,Y,N,10,겨울,110.05,N
2023-02,경기도,46870926,Y,N,7,겨울,110.38,N
2023-03,경기도,57091027,Y,N,18,봄,110.52,N
2023-04,경기도,48985613,Y,N,9,봄,110.8,N
2023-05,경기도,53744633,Y,Y,14,봄,111.13,N
2023-06,경기도,51087988,Y,Y,17,여름,111.13,N
2023-07,경기도,5.56E+07,Y,N,9,여름,111.27,N
2023-08,경기도,54271026,Y,N,13,여름,112.22,N
2023-09,경기도,56951293,Y,Y,15,가을,112.78,N
2023-10,경기도,56047739,Y,Y,10,가을,113.11,N
2023-11,경기도,49731563,Y,N,6,가을,112.58,N
2023-12,경기도,51640052,Y,N,12,겨울,112.57,N
2024-01,경기도,50036682,Y,N,13,겨울,113.05,N
2024-02,경기도,51481076,Y,N,25,겨울,113.64,N
2024-03,경기도,59438284,Y,N,6,봄,113.9,N
2024-04,경기도,48758294,Y,N,10,봄,113.89,N
2024-05,경기도,54905974,Y,Y,10,봄,114.01,N
2024-06,경기도,50919628,Y,Y,12,여름,113.76,N
2024-07,경기도,52507439,Y,N,16,여름,114.16,N
2024-08,경기도,54413752,Y,N,11,여름,114.51,N
2019-01,강원특별자치도,10922778,N,Y,12,겨울,98.58,N
2019-02,강원특별자치도,1.09E+07,N,N,8,겨울,99.01,N
2019-03,강원특별자치도,11310622,N,N,7,봄,98.96,N
2019-04,강원특별자치도,9.03E+06,N,N,9,봄,99.35,N
2019-05,강원특별자치도,10388887,N,Y,14,봄,99.57,N
2019-06,강원특별자치도,11522937,N,N,13,여름,99.48,N
2019-07,강원특별자치도,14093558,N,N,15,여름,99.13,N
2019-08,강원특별자치도,20125437,N,N,8,여름,99.37,N
2019-09,강원특별자치도,12461611,N,Y,8,가을,99.81,N
2019-10,강원특별자치도,12077481,N,Y,12,가을,100.01,N
2019-11,강원특별자치도,11401835,N,N,13,가을,99.51,N
2019-12,강원특별자치도,11397135,N,N,14,겨울,99.81,N
2020-01,강원특별자치도,13774432,N,N,7,겨울,100.39,Y
2020-02,강원특별자치도,8199811,N,N,3,겨울,100.37,Y
2020-03,강원특별자치도,8455829,N,N,10,봄,100.15,Y
2020-04,강원특별자치도,8734485,N,N,10,봄,99.56,Y
2020-05,강원특별자치도,11471725,N,N,11,봄,99.29,Y
2020-06,강원특별자치도,11481752,N,N,16,여름,99.64,Y
2020-07,강원특별자치도,14400182,N,N,19,여름,99.49,Y
2020-08,강원특별자치도,15299201,N,N,17,여름,100.08,Y
2020-09,강원특별자치도,9.35E+06,N,N,13,가을,100.73,Y
2020-10,강원특별자치도,12682821,N,N,10,가을,100.05,Y
2020-11,강원특별자치도,9049571,N,N,11,가을,100,Y
2020-12,강원특별자치도,8204451,N,N,5,겨울,100.25,Y
2021-01,강원특별자치도,7251835,N,N,11,겨울,101.01,Y
2021-02,강원특별자치도,8958293,N,N,4,겨울,101.63,Y
2021-03,강원특별자치도,8872815,N,N,14,봄,102.04,Y
2021-04,강원특별자치도,9611498,N,N,13,봄,102.19,Y
2021-05,강원특별자치도,11263524,N,N,17,봄,102.19,Y
2021-06,강원특별자치도,10628562,N,N,30,여름,102.28,Y
2021-07,강원특별자치도,13373608,N,N,24,여름,102.46,Y
2021-08,강원특별자치도,14469823,N,N,18,여름,103.08,Y
2021-09,강원특별자치도,12041670,N,N,4,가을,103.64,Y
2021-10,강원특별자치도,12732946,N,N,18,가을,103.85,Y
2021-11,강원특별자치도,10042372,N,N,12,가을,104.53,Y
2021-12,강원특별자치도,1.10E+07,N,N,17,겨울,104.69,Y
2022-01,강원특별자치도,11935677,N,N,5,겨울,105.6,N
2022-02,강원특별자치도,9.68E+06,N,N,8,겨울,106.18,N
2022-03,강원특별자치도,10244223,N,N,9,봄,107.11,N
2022-04,강원특별자치도,11686951,N,N,15,봄,108.18,N
2022-05,강원특별자치도,13173105,N,Y,7,봄,108.96,N
2022-06,강원특별자치도,12628472,N,N,17,여름,109.7,N
2022-07,강원특별자치도,16112002,N,N,20,여름,110.2,N
2022-08,강원특별자치도,17709238,N,N,12,여름,109.91,N
2022-09,강원특별자치도,13310994,N,Y,10,가을,110.21,N
2022-10,강원특별자치도,15187348,N,Y,12,가을,110.54,N
2022-11,강원특별자치도,11255554,N,N,9,가을,110.48,N
2022-12,강원특별자치도,10509648,N,N,16,겨울,110.73,N
2023-01,강원특별자치도,12613168,N,Y,6,겨울,111.66,N
2023-02,강원특별자치도,11183756,N,N,10,겨울,111.69,N
2023-03,강원특별자치도,12150911,N,N,10,봄,111.97,N
2023-04,강원특별자치도,11164196,N,N,12,봄,112.27,N
2023-05,강원특별자치도,12499623,N,Y,13,봄,112.58,N
2023-06,강원특별자치도,12291416,N,Y,12,여름,112.55,N
2023-07,강원특별자치도,1.47E+07,N,N,21,여름,112.4,N
2023-08,강원특별자치도,17103945,N,N,18,여름,113.44,N
2023-09,강원특별자치도,13520176,N,Y,11,가을,114.21,N
2023-10,강원특별자치도,13928972,N,Y,5,가을,114.71,N
2023-11,강원특별자치도,9878631,N,N,8,가을,114.25,N
2023-12,강원특별자치도,11320439,N,N,37,겨울,114.12,N
2024-01,강원특별자치도,11082356,N,Y,11,겨울,114.51,N
2024-02,강원특별자치도,11665506,N,N,4,겨울,115.17,N
2024-03,강원특별자치도,11164805,N,N,13,봄,115.53,N
2024-04,강원특별자치도,10378514,N,N,7,봄,115.63,N
2024-05,강원특별자치도,12436527,N,Y,5,봄,115.67,N
2024-06,강원특별자치도,12793644,N,Y,12,여름,115.19,N
2024-07,강원특별자치도,13386402,N,N,11,여름,115.48,N
2024-08,강원특별자치도,17877894,N,N,10,여름,116.02,N
2019-01,충청북도,7297081,N,N,0,겨울,99.03,N
2019-02,충청북도,8.19E+06,N,N,1,겨울,99.29,N
2019-03,충청북도,9743844,N,N,0,봄,98.98,N
2019-04,충청북도,8.20E+06,N,N,1,봄,99.4,N
2019-05,충청북도,9116857,N,Y,2,봄,99.67,N
2019-06,충청북도,8222820,N,N,3,여름,99.5,N
2019-07,충청북도,9107106,N,N,4,여름,99.06,N
2019-08,충청북도,10021279,N,Y,6,여름,99.31,N
2019-09,충청북도,10182480,N,N,0,가을,99.97,N
2019-10,충청북도,9257431,N,Y,3,가을,100.15,N
2019-11,충청북도,8755081,N,N,2,가을,99.63,N
2019-12,충청북도,7681273,N,N,2,겨울,99.86,N
2020-01,충청북도,8598312,N,N,1,겨울,100.29,Y
2020-02,충청북도,6007619,N,N,4,겨울,100.34,Y
2020-03,충청북도,6754914,N,N,1,봄,100.11,Y
2020-04,충청북도,7107040,N,N,0,봄,99.49,Y
2020-05,충청북도,8545479,N,N,3,봄,99.4,Y
2020-06,충청북도,7848199,N,N,1,여름,99.66,Y
2020-07,충청북도,8.32E+06,N,N,1,여름,99.64,Y
2020-08,충청북도,8647044,N,N,0,여름,100.14,Y
2020-09,충청북도,7.90E+06,N,N,0,가을,100.72,Y
2020-10,충청북도,9350461,N,N,3,가을,99.97,Y
2020-11,충청북도,8023542,N,N,0,가을,100.01,Y
2020-12,충청북도,6313161,N,N,2,겨울,100.22,Y
2021-01,충청북도,5923346,N,N,0,겨울,101.21,Y
2021-02,충청북도,6902281,N,N,3,겨울,101.67,Y
2021-03,충청북도,8105152,N,N,2,봄,102.05,Y
2021-04,충청북도,7689117,N,N,4,봄,102.17,Y
2021-05,충청북도,8494778,N,N,4,봄,102.27,Y
2021-06,충청북도,7869778,N,N,1,여름,102.33,Y
2021-07,충청북도,8510317,N,N,2,여름,102.5,Y
2021-08,충청북도,8605746,N,N,1,여름,102.88,Y
2021-09,충청북도,9192609,N,N,0,가을,103.28,Y
2021-10,충청북도,9221601,N,N,0,가을,103.5,Y
2021-11,충청북도,8334513,N,N,0,가을,104.16,Y
2021-12,충청북도,7.36E+06,N,N,3,겨울,104.31,Y
2022-01,충청북도,7896055,N,N,1,겨울,105.02,N
2022-02,충청북도,6.67E+06,N,N,3,겨울,105.76,N
2022-03,충청북도,8284349,N,N,2,봄,106.76,N
2022-04,충청북도,8493212,N,N,0,봄,107.6,N
2022-05,충청북도,9763532,N,N,1,봄,108.41,N
2022-06,충청북도,8836118,N,N,0,여름,109.28,N
2022-07,충청북도,9844946,N,N,5,여름,109.84,N
2022-08,충청북도,10028537,N,N,1,여름,109.61,N
2022-09,충청북도,10596945,N,Y,2,가을,109.99,N
2022-10,충청북도,10551988,N,Y,2,가을,110.16,N
2022-11,충청북도,9134419,N,N,2,가을,109.88,N
2022-12,충청북도,7640182,N,N,3,겨울,109.94,N
2023-01,충청북도,8630320,N,N,1,겨울,110.63,N
2023-02,충청북도,7558296,N,N,0,겨울,110.89,N
2023-03,충청북도,10048824,N,N,3,봄,111.3,N
2023-04,충청북도,9091716,N,N,1,봄,111.7,N
2023-05,충청북도,9.84E+06,N,Y,2,봄,112.07,N
2023-06,충청북도,9218397,N,N,3,여름,112.12,N
2023-07,충청북도,9.51E+06,N,N,2,여름,112.12,N
2023-08,충청북도,10304468,N,N,3,여름,113.09,N
2023-09,충청북도,10866397,N,Y,3,가을,113.83,N
2023-10,충청북도,10770140,N,Y,1,가을,114.11,N
2023-11,충청북도,9002783,N,N,2,가을,113.47,N
2023-12,충청북도,8227371,N,N,2,겨울,113.34,N
2024-01,충청북도,7876631,N,N,3,겨울,113.76,N
2024-02,충청북도,9167086,N,N,2,겨울,114.49,N
2024-03,충청북도,10357566,N,N,1,봄,114.67,N
2024-04,충청북도,9412900,N,N,0,봄,114.71,N
2024-05,충청북도,10139616,N,Y,1,봄,114.86,N
2024-06,충청북도,9565468,N,N,1,여름,114.62,N
2024-07,충청북도,9339867,N,N,1,여름,114.64,N
2024-08,충청북도,10551205,N,N,2,여름,115.21,N
2019-01,제주특별자치도,4.54E+06,N,N,3,겨울,98.77,N
2019-02,제주특별자치도,4.24E+06,N,Y,3,겨울,99.14,N
2019-03,제주특별자치도,4812685,N,Y,6,봄,98.96,N
2019-04,제주특별자치도,4.53E+06,N,N,18,봄,99.38,N
2019-05,제주특별자치도,4690564,N,N,3,봄,99.83,N
2019-06,제주특별자치도,4559756,N,N,8,여름,99.61,N
2019-07,제주특별자치도,5210256,N,N,6,여름,99.37,N
2019-08,제주특별자치도,5930807,N,N,7,여름,99.71,N
2019-09,제주특별자치도,4701185,N,N,1,가을,100.27,N
2019-10,제주특별자치도,5328935,N,Y,4,가을,100.47,N
2019-11,제주특별자치도,4856982,N,N,2,가을,99.66,N
2019-12,제주특별자치도,4998794,N,N,4,겨울,99.73,N
2020-01,제주특별자치도,4724419,N,N,7,겨울,100.74,Y
2020-02,제주특별자치도,3131490,N,N,2,겨울,100.43,Y
2020-03,제주특별자치도,2928973,N,N,1,봄,99.87,Y
2020-04,제주특별자치도,2554196,N,N,4,봄,99.19,Y
2020-05,제주특별자치도,3470899,N,N,5,봄,99.09,Y
2020-06,제주특별자치도,3.63E+06,N,N,4,여름,99.55,Y
2020-07,제주특별자치도,4601470,N,N,9,여름,99.66,Y
2020-08,제주특별자치도,5108959,N,N,3,여름,100.15,Y
2020-09,제주특별자치도,3523389,N,N,10,가을,100.72,Y
2020-10,제주특별자치도,4561738,N,N,3,가을,100.47,Y
2020-11,제주특별자치도,4444642,N,N,3,가을,100.06,Y
2020-12,제주특별자치도,3519274,N,N,6,겨울,100.07,Y
2021-01,제주특별자치도,3091240,N,N,4,겨울,100.79,Y
2021-02,제주특별자치도,3867681,N,N,4,겨울,101.38,Y
2021-03,제주특별자치도,4790346,N,N,7,봄,101.62,Y
2021-04,제주특별자치도,5050654,N,N,4,봄,102.1,Y
2021-05,제주특별자치도,5321170,N,N,3,봄,102.18,Y
2021-06,제주특별자치도,5172661,N,N,5,여름,102.02,Y
2021-07,제주특별자치도,5645397,N,N,12,여름,102.39,Y
2021-08,제주특별자치도,5215483,N,N,3,여름,102.99,Y
2021-09,제주특별자치도,4509651,N,N,10,가을,103.51,Y
2021-10,제주특별자치도,5770745,N,N,2,가을,103.7,Y
2021-11,제주특별자치도,5.59E+06,N,N,6,가을,104.41,Y
2021-12,제주특별자치도,5.28E+06,N,N,5,겨울,104.43,Y
2022-01,제주특별자치도,6023344,N,N,2,겨울,105.7,N
2022-02,제주특별자치도,5.06E+06,N,N,4,겨울,106.21,N
2022-03,제주특별자치도,4806936,N,N,10,봄,106.87,N
2022-04,제주특별자치도,5379539,N,N,4,봄,107.74,N
2022-05,제주특별자치도,5357279,N,N,5,봄,108.51,N
2022-06,제주특별자치도,5835819,N,N,7,여름,109.47,N
2022-07,제주특별자치도,8012527,N,N,9,여름,109.82,N
2022-08,제주특별자치도,6512840,N,N,5,여름,109.87,N
2022-09,제주특별자치도,5052305,N,N,5,가을,110.2,N
2022-10,제주특별자치도,6103867,N,Y,3,가을,110.28,N
2022-11,제주특별자치도,5259983,N,N,3,가을,109.96,N
2022-12,제주특별자치도,4804251,N,N,2,겨울,109.87,N
2023-01,제주특별자치도,5377592,N,N,2,겨울,110.76,N
2023-02,제주특별자치도,4935915,N,Y,4,겨울,111.03,N
2023-03,제주특별자치도,5274890,N,Y,8,봄,111.08,N
2023-04,제주특별자치도,5.12E+06,N,N,4,봄,111.33,N
2023-05,제주특별자치도,5.21E+06,N,N,9,봄,111.46,N
2023-06,제주특별자치도,5059522,N,N,11,여름,111.47,N
2023-07,제주특별자치도,5.34E+06,N,N,8,여름,111.48,N
2023-08,제주특별자치도,5982113,N,N,4,여름,112.45,N
2023-09,제주특별자치도,4788081,N,N,13,가을,113.25,N
2023-10,제주특별자치도,5614040,N,Y,7,가을,113.59,N
2023-11,제주특별자치도,4672500,N,N,8,가을,112.8,N
2023-12,제주특별자치도,4638646,N,N,5,겨울,112.7,N
2024-01,제주특별자치도,5195184,N,N,3,겨울,113.08,N
2024-02,제주특별자치도,4688579,N,Y,7,겨울,113.77,N
2024-03,제주특별자치도,5313181,N,Y,2,봄,113.84,N
2024-04,제주특별자치도,5206965,N,N,4,봄,114.08,N
2024-05,제주특별자치도,5341632,N,N,4,봄,114.03,N
2024-06,제주특별자치도,5013953,N,N,5,여름,113.73,N
2024-07,제주특별자치도,5461561,N,N,6,여름,113.99,N
2024-08,제주특별자치도,6062752,N,N,3,여름,114.25,N
2019-01,전북특별자치도,6.38E+06,N,N,5,겨울,98.95,N
2019-02,전북특별자치도,8.02E+06,N,N,2,겨울,99.33,N
2019-03,전북특별자치도,8083496,N,N,0,봄,99.16,N
2019-04,전북특별자치도,6.69E+06,N,N,3,봄,99.49,N
2019-05,전북특별자치도,7712971,N,Y,3,봄,99.76,N
2019-06,전북특별자치도,6698967,N,N,2,여름,99.47,N
2019-07,전북특별자치도,7588916,N,N,3,여름,99,N
2019-08,전북특별자치도,9185763,N,N,0,여름,99.23,N
2019-09,전북특별자치도,9308739,N,Y,2,가을,99.96,N
2019-10,전북특별자치도,8075266,N,Y,2,가을,100.05,N
2019-11,전북특별자치도,8198363,N,N,0,가을,99.46,N
2019-12,전북특별자치도,7066707,N,N,4,겨울,99.76,N
2020-01,전북특별자치도,8188689,N,N,0,겨울,100.31,Y
2020-02,전북특별자치도,5434762,N,N,0,겨울,100.37,Y
2020-03,전북특별자치도,5766634,N,N,2,봄,100.04,Y
2020-04,전북특별자치도,5936686,N,N,4,봄,99.52,Y
2020-05,전북특별자치도,7693159,N,N,2,봄,99.32,Y
2020-06,전북특별자치도,6.72E+06,N,N,2,여름,99.57,Y
2020-07,전북특별자치도,7.56E+06,N,N,2,여름,99.54,Y
2020-08,전북특별자치도,8332145,N,N,1,여름,100.13,Y
2020-09,전북특별자치도,6.60E+06,N,N,1,가을,100.73,Y
2020-10,전북특별자치도,8712243,N,N,5,가을,100.1,Y
2020-11,전북특별자치도,7376456,N,N,2,가을,100.03,Y
2020-12,전북특별자치도,5496538,N,N,4,겨울,100.34,Y
2021-01,전북특별자치도,5242620,N,N,0,겨울,101.01,Y
2021-02,전북특별자치도,6394563,N,N,1,겨울,101.59,Y
2021-03,전북특별자치도,6936067,N,N,0,봄,101.91,Y
2021-04,전북특별자치도,6154051,N,N,1,봄,102.05,Y
2021-05,전북특별자치도,7260956,N,N,6,봄,102.1,Y
2021-06,전북특별자치도,6343079,N,N,3,여름,102.11,Y
2021-07,전북특별자치도,7155269,N,N,4,여름,102.39,Y
2021-08,전북특별자치도,7809381,N,N,4,여름,102.9,Y
2021-09,전북특별자치도,8254905,N,N,9,가을,103.42,Y
2021-10,전북특별자치도,7841145,N,N,3,가을,103.46,Y
2021-11,전북특별자치도,7.38E+06,N,N,2,가을,104.06,Y
2021-12,전북특별자치도,6.40E+06,N,N,0,겨울,104.08,Y
2022-01,전북특별자치도,7.38E+06,N,N,5,겨울,104.88,N
2022-02,전북특별자치도,5.92E+06,N,N,3,겨울,105.45,N
2022-03,전북특별자치도,6619120,N,N,3,봄,106.37,N
2022-04,전북특별자치도,6475463,N,N,2,봄,107.21,N
2022-05,전북특별자치도,7312621,N,Y,2,봄,107.96,N
2022-06,전북특별자치도,7837620,N,N,2,여름,108.76,N
2022-07,전북특별자치도,12276555,N,N,1,여름,109.27,N
2022-08,전북특별자치도,8607498,N,Y,2,여름,109.02,N
2022-09,전북특별자치도,9022813,N,N,2,가을,109.33,N
2022-10,전북특별자치도,8741159,N,Y,2,가을,109.56,N
2022-11,전북특별자치도,7794435,N,N,1,가을,109.45,N
2022-12,전북특별자치도,6487531,N,N,3,겨울,109.43,N
2023-01,전북특별자치도,8265842,N,N,4,겨울,110.33,N
2023-02,전북특별자치도,6549094,N,N,2,겨울,110.56,N
2023-03,전북특별자치도,8110055,N,N,2,봄,110.67,N
2023-04,전북특별자치도,7.60E+06,N,N,3,봄,110.79,N
2023-05,전북특별자치도,8.24E+06,N,Y,1,봄,111.08,N
2023-06,전북특별자치도,7449294,N,N,4,여름,111.04,N
2023-07,전북특별자치도,7.89E+06,N,N,3,여름,111.08,N
2023-08,전북특별자치도,8866781,N,N,1,여름,112.23,N
2023-09,전북특별자치도,9349498,N,Y,1,가을,112.85,N
2023-10,전북특별자치도,9147909,N,Y,8,가을,113.33,N
2023-11,전북특별자치도,7699495,N,N,4,가을,112.72,N
2023-12,전북특별자치도,7229410,N,N,2,겨울,112.81,N
2024-01,전북특별자치도,6857913,N,N,2,겨울,113.2,N
2024-02,전북특별자치도,8426756,N,N,1,겨울,113.82,N
2024-03,전북특별자치도,8487709,N,N,1,봄,114.06,N
2024-04,전북특별자치도,7535484,N,N,1,봄,114.1,N
2024-05,전북특별자치도,8500149,N,Y,1,봄,114.16,N
2024-06,전북특별자치도,7546236,N,N,9,여름,113.87,N
2024-07,전북특별자치도,7505511,N,N,5,여름,114.11,N
2024-08,전북특별자치도,8943387,N,N,4,여름,114.43,N
2019-01,전라남도,7.98E+06,N,N,4,겨울,98.7,N
2019-02,전라남도,1.01E+07,N,N,4,겨울,98.99,N
2019-03,전라남도,10539073,N,Y,5,봄,98.91,N
2019-04,전라남도,9.26E+06,N,Y,7,봄,99.3,N
2019-05,전라남도,10244182,N,Y,13,봄,99.54,N
2019-06,전라남도,8938561,N,N,6,여름,99.27,N
2019-07,전라남도,9904203,N,Y,16,여름,98.9,N
2019-08,전라남도,11910410,N,N,7,여름,99.18,N
2019-09,전라남도,11252226,N,N,8,가을,99.7,N
2019-10,전라남도,10389014,N,Y,3,가을,100.05,N
2019-11,전라남도,9920517,N,N,7,가을,99.38,N
2019-12,전라남도,9129368,N,N,9,겨울,99.67,N
2020-01,전라남도,10375050,N,N,5,겨울,100.28,Y
2020-02,전라남도,7093551,N,N,6,겨울,100.29,Y
2020-03,전라남도,8189174,N,N,3,봄,100.12,Y
2020-04,전라남도,8336942,N,N,5,봄,99.56,Y
2020-05,전라남도,10394279,N,N,4,봄,99.33,Y
2020-06,전라남도,8.83E+06,N,N,4,여름,99.57,Y
2020-07,전라남도,9.42E+06,N,N,9,여름,99.59,Y
2020-08,전라남도,11162115,N,N,4,여름,100.19,Y
2020-09,전라남도,8.58E+06,N,N,13,가을,100.79,Y
2020-10,전라남도,11220464,N,N,4,가을,100.21,Y
2020-11,전라남도,8696532,N,N,3,가을,99.88,Y
2020-12,전라남도,8033682,N,N,13,겨울,100.18,Y
2021-01,전라남도,7102582,N,N,10,겨울,101.02,Y
2021-02,전라남도,8824079,N,N,2,겨울,101.47,Y
2021-03,전라남도,9559113,N,N,6,봄,101.91,Y
2021-04,전라남도,8944157,N,N,5,봄,102,Y
2021-05,전라남도,10036490,N,N,3,봄,102.17,Y
2021-06,전라남도,9024245,N,N,11,여름,102.16,Y
2021-07,전라남도,9822792,N,N,11,여름,102.35,Y
2021-08,전라남도,10715216,N,N,14,여름,102.76,Y
2021-09,전라남도,11271101,N,N,7,가을,103.3,Y
2021-10,전라남도,10670512,N,N,3,가을,103.64,Y
2021-11,전라남도,9.66E+06,N,N,7,가을,104.29,Y
2021-12,전라남도,8.84E+06,N,N,13,겨울,104.34,Y
2022-01,전라남도,9846283,N,N,7,겨울,105.14,N
2022-02,전라남도,8.04E+06,N,N,6,겨울,105.74,N
2022-03,전라남도,9135579,N,N,3,봄,106.67,N
2022-04,전라남도,9698575,N,N,6,봄,107.62,N
2022-05,전라남도,10352891,N,Y,4,봄,108.44,N
2022-06,전라남도,10279946,N,N,8,여름,109.31,N
2022-07,전라남도,15404266,N,N,6,여름,109.71,N
2022-08,전라남도,11893115,N,Y,4,여름,109.51,N
2022-09,전라남도,11869881,N,N,3,가을,109.72,N
2022-10,전라남도,11742712,N,Y,2,가을,109.93,N
2022-11,전라남도,10005135,N,N,5,가을,109.69,N
2022-12,전라남도,8599641,N,N,4,겨울,109.71,N
2023-01,전라남도,10618352,N,N,3,겨울,110.58,N
2023-02,전라남도,8460700,N,Y,2,겨울,110.66,N
2023-03,전라남도,11152661,N,Y,10,봄,110.96,N
2023-04,전라남도,1.10E+07,N,Y,7,봄,111.4,N
2023-05,전라남도,1.15E+07,N,Y,7,봄,111.78,N
2023-06,전라남도,10071388,N,N,14,여름,111.69,N
2023-07,전라남도,1.05E+07,N,N,5,여름,111.7,N
2023-08,전라남도,11801710,N,Y,2,여름,112.91,N
2023-09,전라남도,12034256,N,N,4,가을,113.73,N
2023-10,전라남도,12573697,N,Y,5,가을,114.19,N
2023-11,전라남도,9747806,N,N,4,가을,113.5,N
2023-12,전라남도,9530150,N,N,5,겨울,113.38,N
2024-01,전라남도,8865054,N,N,5,겨울,113.98,N
2024-02,전라남도,10812785,N,Y,3,겨울,114.6,N
2024-03,전라남도,11487966,N,Y,3,봄,114.92,N
2024-04,전라남도,10702778,N,Y,4,봄,115.01,N
2024-05,전라남도,11650464,N,Y,6,봄,115.08,N
2024-06,전라남도,10064418,N,N,4,여름,114.68,N
2024-07,전라남도,10313152,N,N,9,여름,114.92,N
2024-08,전라남도,11943321,N,Y,4,여름,115.34,N
2019-01,인천광역시,1.40E+07,N,N,4,겨울,98.7,N
2019-02,인천광역시,1.32E+07,N,N,4,겨울,99.07,N
2019-03,인천광역시,16187973,N,N,5,봄,98.89,N
2019-04,인천광역시,1.29E+07,N,N,4,봄,99.22,N
2019-05,인천광역시,14554368,N,N,12,봄,99.34,N
2019-06,인천광역시,14936333,N,N,4,여름,99.16,N
2019-07,인천광역시,16220153,N,N,5,여름,98.98,N
2019-08,인천광역시,18638559,N,Y,4,여름,99.16,N
2019-09,인천광역시,16853240,N,N,6,가을,99.58,N
2019-10,인천광역시,16221192,N,N,7,가을,99.76,N
2019-11,인천광역시,16672684,N,N,4,가을,99.27,N
2019-12,인천광역시,14995450,N,N,5,겨울,99.53,N
2020-01,인천광역시,14693916,N,N,9,겨울,99.94,Y
2020-02,인천광역시,10592123,N,N,1,겨울,100.07,Y
2020-03,인천광역시,10580109,N,N,8,봄,99.89,Y
2020-04,인천광역시,10306606,N,N,7,봄,99.49,Y
2020-05,인천광역시,11605934,N,N,5,봄,99.42,Y
2020-06,인천광역시,1.06E+07,N,N,6,여름,99.77,Y
2020-07,인천광역시,1.23E+07,N,N,5,여름,99.75,Y
2020-08,인천광역시,11403671,N,N,6,여름,100.24,Y
2020-09,인천광역시,1.11E+07,N,N,5,가을,100.81,Y
2020-10,인천광역시,12806912,N,N,10,가을,100.22,Y
2020-11,인천광역시,10768151,N,N,4,가을,100.06,Y
2020-12,인천광역시,9913166,N,N,2,겨울,100.34,Y
2021-01,인천광역시,9630144,N,N,4,겨울,101.03,Y
2021-02,인천광역시,10409951,N,N,1,겨울,101.65,Y
2021-03,인천광역시,12035569,N,N,11,봄,101.83,Y
2021-04,인천광역시,10708065,N,N,5,봄,102.02,Y
2021-05,인천광역시,11936981,N,N,3,봄,102.08,Y
2021-06,인천광역시,11299193,N,N,5,여름,102.11,Y
2021-07,인천광역시,11140297,N,N,11,여름,102.36,Y
2021-08,인천광역시,11318924,N,N,4,여름,102.94,Y
2021-09,인천광역시,12488311,N,N,3,가을,103.41,Y
2021-10,인천광역시,12412601,N,N,5,가을,103.56,Y
2021-11,인천광역시,1.15E+07,N,N,16,가을,104.06,Y
2021-12,인천광역시,1.13E+07,N,N,4,겨울,104.38,Y
2022-01,인천광역시,11590345,N,N,3,겨울,105.24,N
2022-02,인천광역시,9.92E+06,N,N,2,겨울,105.87,N
2022-03,인천광역시,11689164,N,N,3,봄,106.25,N
2022-04,인천광역시,13100062,N,N,5,봄,107.03,N
2022-05,인천광역시,13418430,N,N,9,봄,107.71,N
2022-06,인천광역시,12477854,N,N,6,여름,108.44,N
2022-07,인천광역시,14093476,N,N,5,여름,108.87,N
2022-08,인천광역시,13888127,N,Y,6,여름,108.7,N
2022-09,인천광역시,14802908,N,N,3,가을,108.94,N
2022-10,인천광역시,14617189,N,Y,3,가을,109.4,N
2022-11,인천광역시,13300771,N,N,6,가을,109.36,N
2022-12,인천광역시,13672021,N,N,2,겨울,109.66,N
2023-01,인천광역시,14321833,N,N,2,겨울,110.48,N
2023-02,인천광역시,13187355,N,N,4,겨울,110.61,N
2023-03,인천광역시,15620369,N,N,4,봄,110.75,N
2023-04,인천광역시,1.38E+07,N,N,1,봄,110.95,N
2023-05,인천광역시,1.59E+07,N,N,3,봄,111.31,N
2023-06,인천광역시,14338822,N,N,1,여름,111.26,N
2023-07,인천광역시,1.55E+07,N,N,5,여름,111.61,N
2023-08,인천광역시,15449316,N,Y,3,여름,112.69,N
2023-09,인천광역시,16422889,N,Y,3,가을,113.17,N
2023-10,인천광역시,16131145,N,N,12,가을,113.79,N
2023-11,인천광역시,14341875,N,N,10,가을,113.12,N
2023-12,인천광역시,15642889,N,N,10,겨울,113.27,N
2024-01,인천광역시,15049217,N,N,3,겨울,113.76,N
2024-02,인천광역시,15454760,N,N,4,겨울,114.44,N
2024-03,인천광역시,17224584,N,N,6,봄,114.79,N
2024-04,인천광역시,14792352,N,N,3,봄,114.56,N
2024-05,인천광역시,15959610,N,N,7,봄,114.78,N
2024-06,인천광역시,15335459,N,N,5,여름,114.48,N
2024-07,인천광역시,15485563,N,N,6,여름,114.71,N
2024-08,인천광역시,16388797,N,Y,4,여름,115.17,N
2019-01,울산광역시,3.80E+06,N,N,2,겨울,99.5,N
2019-02,울산광역시,3.93E+06,N,N,2,겨울,99.63,N
2019-03,울산광역시,4511558,N,N,1,봄,99.5,N
2019-04,울산광역시,3.42E+06,N,N,2,봄,99.85,N
2019-05,울산광역시,4209188,N,Y,0,봄,99.85,N
2019-06,울산광역시,3602817,N,Y,0,여름,99.64,N
2019-07,울산광역시,4478102,N,N,1,여름,99.38,N
2019-08,울산광역시,4344014,N,N,1,여름,99.58,N
2019-09,울산광역시,4201962,N,N,1,가을,100,N
2019-10,울산광역시,4068677,N,N,2,가을,100.19,N
2019-11,울산광역시,3874090,N,N,2,가을,99.54,N
2019-12,울산광역시,4280434,N,N,0,겨울,99.79,N
2020-01,울산광역시,4279488,N,N,2,겨울,100.18,Y
2020-02,울산광역시,3247440,N,N,0,겨울,100.29,Y
2020-03,울산광역시,3001340,N,N,0,봄,100.06,Y
2020-04,울산광역시,3055174,N,N,1,봄,99.53,Y
2020-05,울산광역시,3813650,N,N,1,봄,99.52,Y
2020-06,울산광역시,3.49E+06,N,N,0,여름,99.53,Y
2020-07,울산광역시,3.69E+06,N,N,1,여름,99.59,Y
2020-08,울산광역시,4009363,N,N,0,여름,100.1,Y
2020-09,울산광역시,3.48E+06,N,N,1,가을,100.69,Y
2020-10,울산광역시,4136451,N,N,0,가을,100.13,Y
2020-11,울산광역시,3700617,N,N,0,가을,100.06,Y
2020-12,울산광역시,3350296,N,N,2,겨울,100.3,Y
2021-01,울산광역시,3160545,N,N,1,겨울,101.18,Y
2021-02,울산광역시,3334380,N,N,1,겨울,101.67,Y
2021-03,울산광역시,3883173,N,N,2,봄,101.86,Y
2021-04,울산광역시,3179698,N,N,0,봄,101.88,Y
2021-05,울산광역시,3398479,N,N,1,봄,102,Y
2021-06,울산광역시,3295448,N,N,0,여름,101.93,Y
2021-07,울산광역시,3667240,N,N,1,여름,102.2,Y
2021-08,울산광역시,3721260,N,N,0,여름,102.71,Y
2021-09,울산광역시,3873413,N,N,0,가을,103.26,Y
2021-10,울산광역시,3860602,N,N,0,가을,103.22,Y
2021-11,울산광역시,3.63E+06,N,N,0,가을,103.86,Y
2021-12,울산광역시,3.69E+06,N,N,2,겨울,104.12,Y
2022-01,울산광역시,3864254,N,N,3,겨울,104.86,N
2022-02,울산광역시,3.27E+06,N,N,1,겨울,105.23,N
2022-03,울산광역시,3834085,N,N,1,봄,105.92,N
2022-04,울산광역시,3521079,N,N,2,봄,106.72,N
2022-05,울산광역시,4073825,N,Y,1,봄,107.38,N
2022-06,울산광역시,3755170,N,N,1,여름,107.99,N
2022-07,울산광역시,4133289,N,N,0,여름,108.52,N
2022-08,울산광역시,4160644,N,N,1,여름,108.42,N
2022-09,울산광역시,4112086,N,Y,0,가을,108.72,N
2022-10,울산광역시,4416256,N,Y,1,가을,109.13,N
2022-11,울산광역시,3745238,N,N,0,가을,108.9,N
2022-12,울산광역시,3832539,N,N,2,겨울,109.07,N
2023-01,울산광역시,4231174,N,N,0,겨울,109.95,N
2023-02,울산광역시,3570727,N,N,0,겨울,109.99,N
2023-03,울산광역시,4301727,N,N,1,봄,110.27,N
2023-04,울산광역시,3.75E+06,N,N,1,봄,110.45,N
2023-05,울산광역시,4.31E+06,N,Y,0,봄,110.94,N
2023-06,울산광역시,3962904,N,N,0,여름,110.97,N
2023-07,울산광역시,4.25E+06,N,N,1,여름,111.07,N
2023-08,울산광역시,4309918,N,N,0,여름,112.19,N
2023-09,울산광역시,4446907,N,N,1,가을,112.87,N
2023-10,울산광역시,4369957,N,N,1,가을,113.39,N
2023-11,울산광역시,3879914,N,N,0,가을,112.44,N
2023-12,울산광역시,4015637,N,N,0,겨울,112.57,N
2024-01,울산광역시,4126535,N,N,0,겨울,112.98,N
2024-02,울산광역시,4123718,N,N,0,겨울,113.75,N
2024-03,울산광역시,4435697,N,N,1,봄,113.87,N
2024-04,울산광역시,3813182,N,N,0,봄,113.95,N
2024-05,울산광역시,4265689,N,Y,0,봄,113.81,N
2024-06,울산광역시,4115771,N,N,0,여름,113.51,N
2024-07,울산광역시,4312765,N,N,1,여름,113.91,N
2024-08,울산광역시,4534935,N,N,0,여름,114.25,N
2019-01,세종특별자치시,1.90E+06,N,N,0,겨울,100.00,N
2019-02,세종특별자치시,1.93E+06,N,N,0,겨울,100.01,N
2019-03,세종특별자치시,2572826,N,N,0,봄,100.01,N
2019-04,세종특별자치시,1.92E+06,N,N,0,봄,100.01,N
2019-05,세종특별자치시,2107938,N,N,0,봄,99.99,N
2019-06,세종특별자치시,1927554,N,N,0,여름,99.98,N
2019-07,세종특별자치시,2169841,N,N,0,여름,100.01,N
2019-08,세종특별자치시,2110169,N,N,0,여름,100.05,N
2019-09,세종특별자치시,2306431,N,N,0,가을,100.04,N
2019-10,세종특별자치시,2192117,N,Y,0,가을,99.98,N
2019-11,세종특별자치시,2085890,N,N,0,가을,99.90,N
2019-12,세종특별자치시,2049299,N,N,0,겨울,99.88,N
2020-01,세종특별자치시,2075263,N,N,0,겨울,100.2,Y
2020-02,세종특별자치시,1730774,N,N,0,겨울,100.27,Y
2020-03,세종특별자치시,1758697,N,N,0,봄,100.02,Y
2020-04,세종특별자치시,1848518,N,N,0,봄,99.62,Y
2020-05,세종특별자치시,2169113,N,N,0,봄,99.43,Y
2020-06,세종특별자치시,1.98E+06,N,N,0,여름,99.73,Y
2020-07,세종특별자치시,2.05E+06,N,N,0,여름,99.78,Y
2020-08,세종특별자치시,2028047,N,N,0,여름,100.22,Y
2020-09,세종특별자치시,2.09E+06,N,N,0,가을,100.52,Y
2020-10,세종특별자치시,2281474,N,N,0,가을,100.03,Y
2020-11,세종특별자치시,2005851,N,N,0,가을,99.9,Y
2020-12,세종특별자치시,1910568,N,N,0,겨울,100.26,Y
2021-01,세종특별자치시,1786265,N,N,0,겨울,100.06,Y
2021-02,세종특별자치시,1883393,N,N,0,겨울,101.6,Y
2021-03,세종특별자치시,2354164,N,N,1,봄,102.05,Y
2021-04,세종특별자치시,2017770,N,N,0,봄,102.33,Y
2021-05,세종특별자치시,2173931,N,N,0,봄,102.4,Y
2021-06,세종특별자치시,2054391,N,N,0,여름,102.48,Y
2021-07,세종특별자치시,2192216,N,N,0,여름,102.61,Y
2021-08,세종특별자치시,2144100,N,N,0,여름,103.11,Y
2021-09,세종특별자치시,2280736,N,N,0,가을,103.2,Y
2021-10,세종특별자치시,2260235,N,N,0,가을,103.55,Y
2021-11,세종특별자치시,2.06E+06,N,N,0,가을,104.01,Y
2021-12,세종특별자치시,2.19E+06,N,N,0,겨울,104.16,Y
2022-01,세종특별자치시,2161283,N,N,0,겨울,105.01,N
2022-02,세종특별자치시,1.85E+06,N,N,0,겨울,105.46,N
2022-03,세종특별자치시,2364943,N,N,0,봄,106.64,N
2022-04,세종특별자치시,2167174,N,N,0,봄,107.42,N
2022-05,세종특별자치시,2411331,N,N,0,봄,108.32,N
2022-06,세종특별자치시,2140489,N,N,1,여름,109.07,N
2022-07,세종특별자치시,2299193,N,N,0,여름,109.39,N
2022-08,세종특별자치시,2214924,N,N,1,여름,109.54,N
2022-09,세종특별자치시,2480837,N,N,0,가을,109.25,N
2022-10,세종특별자치시,2398042,N,Y,0,가을,109.7,N
2022-11,세종특별자치시,2187288,N,N,1,가을,109.47,N
2022-12,세종특별자치시,2164375,N,N,1,겨울,109.48,N
2023-01,세종특별자치시,2245888,N,N,0,겨울,110.06,N
2023-02,세종특별자치시,2082901,N,N,0,겨울,110.2,N
2023-03,세종특별자치시,2692676,N,N,0,봄,110.48,N
2023-04,세종특별자치시,2.18E+06,N,N,1,봄,110.84,N
2023-05,세종특별자치시,2.32E+06,N,N,0,봄,111.13,N
2023-06,세종특별자치시,2212038,N,N,0,여름,111.29,N
2023-07,세종특별자치시,2.19E+06,N,N,1,여름,111.45,N
2023-08,세종특별자치시,2298395,N,N,0,여름,111.94,N
2023-09,세종특별자치시,2461995,N,N,0,가을,112.67,N
2023-10,세종특별자치시,2424547,N,Y,0,가을,112.89,N
2023-11,세종특별자치시,2110904,N,N,0,가을,112.27,N
2023-12,세종특별자치시,2242100,N,N,0,겨울,112.32,N
2024-01,세종특별자치시,2183211,N,N,0,겨울,112.79,N
2024-02,세종특별자치시,2271671,N,N,0,겨울,113.5,N
2024-03,세종특별자치시,2725830,N,N,0,봄,113.63,N
2024-04,세종특별자치시,2263713,N,N,0,봄,114.02,N
2024-05,세종특별자치시,2365245,N,N,0,봄,114.15,N
2024-06,세종특별자치시,2212432,N,N,0,여름,113.94,N
2024-07,세종특별자치시,2278432,N,N,0,여름,114.15,N
2024-08,세종특별자치시,2355628,N,N,0,여름,114.52,N
2019-01,대구광역시,8.53E+06,N,N,0,겨울,98.82,N
2019-02,대구광역시,9.40E+06,N,N,0,겨울,99.3,N
2019-03,대구광역시,10155206,N,N,1,봄,99.13,N
2019-04,대구광역시,7.89E+06,N,N,1,봄,99.79,N
2019-05,대구광역시,8554830,N,Y,2,봄,100.02,N
2019-06,대구광역시,7851285,N,N,0,여름,99.91,N
2019-07,대구광역시,9650023,N,Y,0,여름,99.52,N
2019-08,대구광역시,9172728,N,N,1,여름,99.78,N
2019-09,대구광역시,9856347,N,Y,1,가을,100.18,N
2019-10,대구광역시,8551479,N,N,7,가을,100.44,N
2019-11,대구광역시,8575553,N,N,1,가을,99.73,N
2019-12,대구광역시,9245130,N,N,0,겨울,99.9,N
2020-01,대구광역시,9676583,N,N,0,겨울,100.1,Y
2020-02,대구광역시,6112848,N,N,0,겨울,100.22,Y
2020-03,대구광역시,4362948,N,N,1,봄,99.95,Y
2020-04,대구광역시,6102377,N,N,0,봄,99.33,Y
2020-05,대구광역시,7519567,N,N,0,봄,99.32,Y
2020-06,대구광역시,7.02E+06,N,N,2,여름,99.63,Y
2020-07,대구광역시,7.75E+06,N,N,0,여름,99.64,Y
2020-08,대구광역시,7708233,N,N,1,여름,100.29,Y
2020-09,대구광역시,7.22E+06,N,N,1,가을,100.8,Y
2020-10,대구광역시,8269082,N,N,1,가을,100.26,Y
2020-11,대구광역시,7444210,N,N,0,가을,100.1,Y
2020-12,대구광역시,7041224,N,N,2,겨울,100.37,Y
2021-01,대구광역시,6445317,N,N,1,겨울,101.12,Y
2021-02,대구광역시,7144531,N,N,0,겨울,101.57,Y
2021-03,대구광역시,8142325,N,N,1,봄,101.99,Y
2021-04,대구광역시,6834107,N,N,0,봄,102.09,Y
2021-05,대구광역시,7491791,N,N,1,봄,102.14,Y
2021-06,대구광역시,6552650,N,N,0,여름,102.12,Y
2021-07,대구광역시,7289043,N,N,0,여름,102.36,Y
2021-08,대구광역시,7117492,N,N,0,여름,102.9,Y
2021-09,대구광역시,8102844,N,N,0,가을,103.43,Y
2021-10,대구광역시,7607819,N,N,1,가을,103.56,Y
2021-11,대구광역시,7.37E+06,N,N,0,가을,104.11,Y
2021-12,대구광역시,7.59E+06,N,N,2,겨울,104.3,Y
2022-01,대구광역시,7875915,N,N,0,겨울,105.1,N
2022-02,대구광역시,6.50E+06,N,N,0,겨울,105.79,N
2022-03,대구광역시,7582943,N,N,1,봄,106.44,N
2022-04,대구광역시,7046316,N,N,2,봄,107.09,N
2022-05,대구광역시,7751185,N,N,0,봄,107.75,N
2022-06,대구광역시,8347217,N,N,1,여름,108.28,N
2022-07,대구광역시,11797395,N,Y,2,여름,108.93,N
2022-08,대구광역시,8373926,N,N,0,여름,108.88,N
2022-09,대구광역시,8941544,N,Y,1,가을,109.29,N
2022-10,대구광역시,8306269,N,Y,0,가을,109.61,N
2022-11,대구광역시,7933612,N,N,2,가을,109.48,N
2022-12,대구광역시,8375553,N,N,1,겨울,109.59,N
2023-01,대구광역시,9147300,N,N,2,겨울,110.43,N
2023-02,대구광역시,7673066,N,N,0,겨울,110.68,N
2023-03,대구광역시,9289769,N,N,1,봄,110.93,N
2023-04,대구광역시,7.78E+06,N,N,1,봄,111.13,N
2023-05,대구광역시,8.34E+06,N,Y,0,봄,111.27,N
2023-06,대구광역시,7690744,N,N,1,여름,111.31,N
2023-07,대구광역시,8.71E+06,N,N,0,여름,111.47,N
2023-08,대구광역시,8573962,N,N,0,여름,112.57,N
2023-09,대구광역시,9509477,N,Y,0,가을,112.95,N
2023-10,대구광역시,8811444,N,N,1,가을,113.38,N
2023-11,대구광역시,8216713,N,N,0,가을,112.74,N
2023-12,대구광역시,9202140,N,N,3,겨울,112.56,N
2024-01,대구광역시,8288514,N,N,1,겨울,113.14,N
2024-02,대구광역시,9393047,N,N,1,겨울,113.95,N
2024-03,대구광역시,9795832,N,N,2,봄,114.08,N
2024-04,대구광역시,8137679,N,N,1,봄,113.87,N
2024-05,대구광역시,8765250,N,Y,1,봄,114,N
2024-06,대구광역시,8526507,N,N,3,여름,113.86,N
2024-07,대구광역시,8644351,N,N,0,여름,114.12,N
2024-08,대구광역시,8571391,N,N,0,여름,114.54,N
2019-01,충청남도,1.05E+07,N,N,3,겨울,99.16,N
2019-02,충청남도,1.22E+07,N,N,2,겨울,99.65,N
2019-03,충청남도,14709265,N,N,4,봄,98.85,N
2019-04,충청남도,1.24E+07,N,N,5,봄,99.22,N
2019-05,충청남도,13305427,N,Y,4,봄,99.43,N
2019-06,충청남도,12090350,N,Y,9,여름,99.22,N
2019-07,충청남도,13059881,N,Y,4,여름,98.92,N
2019-08,충청남도,14710826,N,Y,3,여름,99.24,N
2019-09,충청남도,15036699,N,N,10,가을,99.75,N
2019-10,충청남도,13995314,N,Y,2,가을,99.83,N
2019-11,충청남도,12724379,N,N,2,가을,99.26,N
2019-12,충청남도,11415010,N,N,5,겨울,99.58,N
2020-01,충청남도,12688148,N,N,3,겨울,100.34,Y
2020-02,충청남도,8699212,N,N,2,겨울,100.36,Y
2020-03,충청남도,9795103,N,N,5,봄,100.18,Y
2020-04,충청남도,10867436,N,N,3,봄,99.43,Y
2020-05,충청남도,13248006,N,N,6,봄,99.15,Y
2020-06,충청남도,1.15E+07,N,N,16,여름,99.35,Y
2020-07,충청남도,1.19E+07,N,N,11,여름,99.42,Y
2020-08,충청남도,12921308,N,N,6,여름,100.04,Y
2020-09,충청남도,1.18E+07,N,N,3,가을,100.93,Y
2020-10,충청남도,13887960,N,N,4,가을,100.24,Y
2020-11,충청남도,11577465,N,N,10,가을,100.18,Y
2020-12,충청남도,9572164,N,N,6,겨울,100.38,Y
2021-01,충청남도,8815170,N,N,2,겨울,101.05,Y
2021-02,충청남도,10329454,N,N,7,겨울,101.62,Y
2021-03,충청남도,12029315,N,N,2,봄,102.04,Y
2021-04,충청남도,11465771,N,N,5,봄,102.16,Y
2021-05,충청남도,12630614,N,N,5,봄,102.3,Y
2021-06,충청남도,11511451,N,N,8,여름,102.38,Y
2021-07,충청남도,12138429,N,N,8,여름,102.55,Y
2021-08,충청남도,12836226,N,N,4,여름,102.96,Y
2021-09,충청남도,14013809,N,N,5,가을,103.47,Y
2021-10,충청남도,13892843,N,N,5,가을,103.81,Y
2021-11,충청남도,1.21E+07,N,N,3,가을,104.39,Y
2021-12,충청남도,1.08E+07,N,N,5,겨울,104.45,Y
2022-01,충청남도,11591425,N,N,7,겨울,105.61,N
2022-02,충청남도,9.82E+06,N,N,10,겨울,106.3,N
2022-03,충청남도,12186262,N,N,7,봄,107.14,N
2022-04,충청남도,12785139,N,N,4,봄,107.84,N
2022-05,충청남도,14396004,N,Y,2,봄,108.39,N
2022-06,충청남도,13166096,N,Y,4,여름,109.44,N
2022-07,충청남도,14147954,N,Y,6,여름,110.11,N
2022-08,충청남도,14476729,N,Y,7,여름,109.89,N
2022-09,충청남도,15841958,N,Y,4,가을,110.03,N
2022-10,충청남도,15448360,N,Y,5,가을,110.11,N
2022-11,충청남도,12937183,N,N,2,가을,109.91,N
2022-12,충청남도,11020201,N,N,4,겨울,110.09,N
2023-01,충청남도,12657707,N,N,2,겨울,110.96,N
2023-02,충청남도,11300888,N,N,4,겨울,111.08,N
2023-03,충청남도,14886468,N,N,3,봄,111.42,N
2023-04,충청남도,1.36E+07,N,N,6,봄,111.58,N
2023-05,충청남도,1.45E+07,N,Y,6,봄,111.87,N
2023-06,충청남도,13409952,N,Y,8,여름,111.84,N
2023-07,충청남도,1.34E+07,N,Y,4,여름,111.9,N
2023-08,충청남도,14837590,N,N,5,여름,112.93,N
2023-09,충청남도,16251462,N,N,8,가을,113.79,N
2023-10,충청남도,15956383,N,Y,6,가을,114.2,N
2023-11,충청남도,12669974,N,N,3,가을,113.33,N
2023-12,충청남도,12060088,N,N,9,겨울,113.26,N
2024-01,충청남도,11617314,N,N,6,겨울,113.71,N
2024-02,충청남도,13205943,N,N,5,겨울,114.3,N
2024-03,충청남도,15394119,N,N,3,봄,114.39,N
2024-04,충청남도,14140048,N,N,5,봄,114.36,N
2024-05,충청남도,14291521,N,Y,4,봄,114.52,N
2024-06,충청남도,13461123,N,Y,7,여름,114.12,N
2024-07,충청남도,13251475,N,Y,3,여름,114.41,N
2024-08,충청남도,14818146,N,N,3,여름,114.95,N
